[
  {
    "id": "1",
    "name": "Mumbai",
    "state": "Maharashtra"
  },
  {
    "id": "2",
    "name": "Delhi",
    "state": "Delhi"
  },
  {
    "id": "3",
    "name": "Bengaluru",
    "state": "Karnataka"
  },
  {
    "id": "4",
    "name": "Ahmedabad",
    "state": "Gujarat"
  },
  {
    "id": "5",
    "name": "Hyderabad",
    "state": "Telangana"
  },
  {
    "id": "6",
    "name": "Chennai",
    "state": "Tamil Nadu"
  },
  {
    "id": "7",
    "name": "Kolkata",
    "state": "West Bengal"
  },
  {
    "id": "8",
    "name": "Pune",
    "state": "Maharashtra"
  },
  {
    "id": "9",
    "name": "Jaipur",
    "state": "Rajasthan"
  },
  {
    "id": "10",
    "name": "Surat",
    "state": "Gujarat"
  },
  {
    "id": "11",
    "name": "Lucknow",
    "state": "Uttar Pradesh"
  },
  {
    "id": "12",
    "name": "Kanpur",
    "state": "Uttar Pradesh"
  },
  {
    "id": "13",
    "name": "Nagpur",
    "state": "Maharashtra"
  },
  {
    "id": "14",
    "name": "Patna",
    "state": "Bihar"
  },
  {
    "id": "15",
    "name": "Indore",
    "state": "Madhya Pradesh"
  },
  {
    "id": "16",
    "name": "Gurgaon",
    "state": "Haryana"
  },
  {
    "id": "17",
    "name": "Noida",
    "state": "Uttar Pradesh"
  }
]
